{
  "ifs": {
    "IFS_total": 0.20587507753747086,
    "IFS_total_100": 20.587507753747087,
    "flows": {
      "DVP": {
        "IFS": 0.22430446537265014,
        "IFS_100": 22.430446537265013,
        "Z_norm": {
          "C": 0.03,
          "D": 0.2,
          "F": 1.0,
          "L": 0.06816178858428673,
          "Q": 0.31809738038422714,
          "R": 0.010526315789473682
        },
        "Z_raw": {
          "C": 0.3,
          "D": 2.0,
          "F": 201.37358780722886,
          "L": 3.4080894292143364,
          "Q": 1590.4869019211358,
          "R": 0.05263157894736841
        },
        "weights_used": {
          "w_C": 0.2,
          "w_D": 0.2,
          "w_F": 0.1,
          "w_L": 0.2,
          "w_Q": 0.2,
          "w_R": 0.1
        }
      },
      "PVP": {
        "IFS": 0.36569028682381355,
        "IFS_100": 36.56902868238136,
        "Z_norm": {
          "C": 0.03,
          "D": 0.2,
          "F": 1.0,
          "L": 0.09207716511321946,
          "Q": 1.0,
          "R": 0.012748538011695903
        },
        "Z_raw": {
          "C": 0.3,
          "D": 2.0,
          "F": 883.9265023573635,
          "L": 4.603858255660973,
          "Q": 7488.115705020793,
          "R": 0.06374269005847952
        },
        "weights_used": {
          "w_C": 0.2,
          "w_D": 0.2,
          "w_F": 0.1,
          "w_L": 0.2,
          "w_Q": 0.2,
          "w_R": 0.1
        }
      },
      "XBPAY": {
        "IFS": 0.07219162969632939,
        "IFS_100": 7.219162969632939,
        "Z_norm": {
          "C": 0.03,
          "D": 0.2,
          "F": 0.13861255829337288,
          "L": 0.054513711440223635,
          "Q": 0.0,
          "R": 0.014276315789473682
        },
        "Z_raw": {
          "C": 0.3,
          "D": 2.0,
          "F": 0.6930627914668643,
          "L": 2.725685572011182,
          "Q": 0.0,
          "R": 0.07138157894736841
        },
        "weights_used": {
          "w_C": 0.2,
          "w_D": 0.2,
          "w_F": 0.1,
          "w_L": 0.2,
          "w_Q": 0.2,
          "w_R": 0.1
        }
      }
    }
  },
  "kpis": {
    "aux": {
      "availability": 0.868421052631579,
      "recovery_time_total": 0.0,
      "throughput_drop_total": 0.0
    },
    "flows": {
      "DVP": {
        "AtomicityViolationRate": 0.0,
        "FinalityFailureRate": 0.0,
        "K1_hold_mean": 0.0,
        "K1_latency_median": 1.3948029342093946,
        "K1_latency_p90": 4.270926498502169,
        "K1_queue_mean": 0.0,
        "K1_repair_mean": 0.0,
        "K2_cost_total_mean": 0.5,
        "K2_fee_mean": 0.5,
        "K2_ops_proxy_mean": 0.0,
        "K3_coll_lock_exposure_mean": 18.24188321471838,
        "K3_liq_lock_exposure_mean": 1983.54815659774,
        "K3_lock_exposure_total_mean": 2001.7900398124584,
        "K4_checkpoints_mean": 4.0,
        "K4_repair_due_missing_rate": 0.0,
        "K4_rescreen_rate": 0.0,
        "K5_availability": 0.868421052631579,
        "K5_op_fail_rate": 0.0,
        "K5_recovery_time": 0.0,
        "K5_throughput_drop": 0.0,
        "K6_cycle_time_p90": 4.270926498502169,
        "K6_fail_rate": 0.0,
        "K6_multi_ccy_liq_req_mean": 1002.5960907228182,
        "K6_spread_proxy": 0.0006145432159734774,
        "STP_rate": 1.0,
        "fx_share": 0.20833333333333334,
        "trace_score_mean": 0.8112039662620584
      },
      "PVP": {
        "AtomicityViolationRate": 0.0,
        "FinalityFailureRate": 0.037037037037037035,
        "K1_hold_mean": 0.5333333333333333,
        "K1_latency_median": 1.6612028863993658,
        "K1_latency_p90": 5.864996271058805,
        "K1_queue_mean": 0.0,
        "K1_repair_mean": 0.0,
        "K2_cost_total_mean": 0.5,
        "K2_fee_mean": 0.5,
        "K2_ops_proxy_mean": 0.0,
        "K3_coll_lock_exposure_mean": 0.0,
        "K3_liq_lock_exposure_mean": 9360.14463127599,
        "K3_lock_exposure_total_mean": 9360.14463127599,
        "K4_checkpoints_mean": 4.0,
        "K4_repair_due_missing_rate": 0.0,
        "K4_rescreen_rate": 0.0,
        "K5_availability": 0.868421052631579,
        "K5_op_fail_rate": 0.037037037037037035,
        "K5_recovery_time": 0.0,
        "K5_throughput_drop": 0.0,
        "K6_cycle_time_p90": 5.864996271058805,
        "K6_fail_rate": 0.037037037037037035,
        "K6_multi_ccy_liq_req_mean": 4413.711589618353,
        "K6_spread_proxy": 0.0002468945661543561,
        "STP_rate": 0.8518518518518519,
        "fx_share": 0.0,
        "trace_score_mean": 0.8146339107420092
      },
      "XBPAY": {
        "AtomicityViolationRate": 0.0,
        "FinalityFailureRate": 0.0625,
        "K1_hold_mean": 0.125,
        "K1_latency_median": 1.2208137031337545,
        "K1_latency_p90": 3.3706306586729364,
        "K1_queue_mean": 0.0,
        "K1_repair_mean": 0.0,
        "K2_cost_total_mean": 0.5,
        "K2_fee_mean": 0.5,
        "K2_ops_proxy_mean": 0.0,
        "K3_coll_lock_exposure_mean": 0.0,
        "K3_liq_lock_exposure_mean": 0.0,
        "K3_lock_exposure_total_mean": 0.0,
        "K4_checkpoints_mean": 4.0,
        "K4_repair_due_missing_rate": 0.0,
        "K4_rescreen_rate": 0.0,
        "K5_availability": 0.868421052631579,
        "K5_op_fail_rate": 0.0625,
        "K5_recovery_time": 0.0,
        "K5_throughput_drop": 0.0,
        "K6_cycle_time_p90": 3.3706306586729364,
        "K6_fail_rate": 0.0625,
        "K6_multi_ccy_liq_req_mean": 0.0,
        "K6_spread_proxy": 0.0006221991075898864,
        "STP_rate": 0.90625,
        "fx_share": 0.75,
        "trace_score_mean": 0.7681742338267115
      }
    },
    "scenario": "S0",
    "world": "B"
  },
  "no_inferiority": {
    "flows": {
      "DVP": {
        "NI-1": {
          "AtomicityViolationRate": 0.0,
          "FinalityFailureRate": 0.0,
          "pass": true,
          "\u0394_NI_fin_f": 0.02,
          "\u03b5_atomic_f": 0.001
        },
        "NI-2": {
          "RecoveryTime": 0.0,
          "ThroughputDrop": 0.0,
          "pass": true,
          "\u0394_NI_ops_f": 0.2,
          "\u0394_NI_rec_f": 20.0
        },
        "NI-3": {
          "backlog_ratio": 0.0,
          "hold_rate": 0.0,
          "pass": false,
          "trace_score": 0.8112039662620584,
          "\u0394_NI_backlog_f": 0.1,
          "\u0394_NI_trace_f": 0.05
        }
      },
      "PVP": {
        "NI-1": {
          "AtomicityViolationRate": 0.0,
          "FinalityFailureRate": 0.037037037037037035,
          "pass": false,
          "\u0394_NI_fin_f": 0.02,
          "\u03b5_atomic_f": 0.001
        },
        "NI-2": {
          "RecoveryTime": 0.0,
          "ThroughputDrop": 0.0,
          "pass": true,
          "\u0394_NI_ops_f": 0.2,
          "\u0394_NI_rec_f": 20.0
        },
        "NI-3": {
          "backlog_ratio": 0.14814814814814814,
          "hold_rate": 0.14814814814814814,
          "pass": false,
          "trace_score": 0.8146339107420092,
          "\u0394_NI_backlog_f": 0.1,
          "\u0394_NI_trace_f": 0.05
        }
      },
      "XBPAY": {
        "NI-1": {
          "AtomicityViolationRate": 0.0,
          "FinalityFailureRate": 0.0625,
          "pass": false,
          "\u0394_NI_fin_f": 0.02,
          "\u03b5_atomic_f": 0.001
        },
        "NI-2": {
          "RecoveryTime": 0.0,
          "ThroughputDrop": 0.0,
          "pass": true,
          "\u0394_NI_ops_f": 0.2,
          "\u0394_NI_rec_f": 20.0
        },
        "NI-3": {
          "backlog_ratio": 0.09375,
          "hold_rate": 0.09375,
          "pass": false,
          "trace_score": 0.7681742338267115,
          "\u0394_NI_backlog_f": 0.1,
          "\u0394_NI_trace_f": 0.05
        }
      }
    }
  }
}