{
  "ifs": {
    "IFS_total": 0.1933068017566227,
    "IFS_total_100": 19.33068017566227,
    "flows": {
      "DVP": {
        "IFS": 0.18651586843974288,
        "IFS_100": 18.65158684397429,
        "Z_norm": {
          "C": 0.03,
          "D": 0.2,
          "F": 1.0,
          "L": 0.039720260263310575,
          "Q": 0.1533853977248775,
          "R": 0.01894736842105263
        },
        "Z_raw": {
          "C": 0.3,
          "D": 2.0,
          "F": 192.0632330619861,
          "L": 1.9860130131655287,
          "Q": 766.9269886243875,
          "R": 0.09473684210526315
        },
        "weights_used": {
          "w_C": 0.2,
          "w_D": 0.2,
          "w_F": 0.1,
          "w_L": 0.2,
          "w_Q": 0.2,
          "w_R": 0.1
        }
      },
      "PVP": {
        "IFS": 0.36146037319592317,
        "IFS_100": 36.14603731959232,
        "Z_norm": {
          "C": 0.03,
          "D": 0.2,
          "F": 1.0,
          "L": 0.06782818176908954,
          "Q": 1.0,
          "R": 0.01894736842105263
        },
        "Z_raw": {
          "C": 0.3,
          "D": 2.0,
          "F": 841.6376269737345,
          "L": 3.3914090884544774,
          "Q": 5807.990888534378,
          "R": 0.09473684210526315
        },
        "weights_used": {
          "w_C": 0.2,
          "w_D": 0.2,
          "w_F": 0.1,
          "w_L": 0.2,
          "w_Q": 0.2,
          "w_R": 0.1
        }
      },
      "XBPAY": {
        "IFS": 0.07228482316480722,
        "IFS_100": 7.228482316480722,
        "Z_norm": {
          "C": 0.032097438253153414,
          "D": 0.2,
          "F": 0.1325447128083967,
          "L": 0.05358063695615802,
          "Q": 0.0,
          "R": 0.01894736842105263
        },
        "Z_raw": {
          "C": 0.32097438253153415,
          "D": 2.0,
          "F": 0.6627235640419834,
          "L": 2.679031847807901,
          "Q": 0.0,
          "R": 0.09473684210526315
        },
        "weights_used": {
          "w_C": 0.2,
          "w_D": 0.2,
          "w_F": 0.1,
          "w_L": 0.2,
          "w_Q": 0.2,
          "w_R": 0.1
        }
      }
    }
  },
  "kpis": {
    "aux": {
      "availability": 0.7631578947368421,
      "recovery_time_total": 0.0,
      "throughput_drop_total": 0.0
    },
    "flows": {
      "DVP": {
        "AtomicityViolationRate": 0.0,
        "FinalityFailureRate": 0.0,
        "K1_hold_mean": 0.2222222222222222,
        "K1_latency_median": 0.6144737497917561,
        "K1_latency_p90": 2.5738155546114316,
        "K1_queue_mean": 0.0,
        "K1_repair_mean": 0.0,
        "K2_cost_total_mean": 0.5,
        "K2_fee_mean": 0.5,
        "K2_ops_proxy_mean": 0.0,
        "K3_coll_lock_exposure_mean": 8.862445036002876,
        "K3_liq_lock_exposure_mean": 956.4431245214837,
        "K3_lock_exposure_total_mean": 965.3055695574866,
        "K4_checkpoints_mean": 4.0,
        "K4_repair_due_missing_rate": 0.0,
        "K4_rescreen_rate": 0.0,
        "K5_availability": 0.7631578947368421,
        "K5_op_fail_rate": 0.0,
        "K5_recovery_time": 0.0,
        "K5_throughput_drop": 0.0,
        "K6_cycle_time_p90": 2.5738155546114316,
        "K6_fail_rate": 0.0,
        "K6_multi_ccy_liq_req_mean": 957.7415013769338,
        "K6_spread_proxy": 0.0005655855901703046,
        "STP_rate": 0.9444444444444444,
        "fx_share": 0.05555555555555555,
        "trace_score_mean": 0.7795539609526441
      },
      "PVP": {
        "AtomicityViolationRate": 0.0,
        "FinalityFailureRate": 0.0,
        "K1_hold_mean": 0.3333333333333333,
        "K1_latency_median": 1.7668589410824467,
        "K1_latency_p90": 4.087644865899634,
        "K1_queue_mean": 0.0,
        "K1_repair_mean": 0.0,
        "K2_cost_total_mean": 0.5,
        "K2_fee_mean": 0.5,
        "K2_ops_proxy_mean": 0.0,
        "K3_coll_lock_exposure_mean": 0.0,
        "K3_liq_lock_exposure_mean": 7259.988610667972,
        "K3_lock_exposure_total_mean": 7259.988610667972,
        "K4_checkpoints_mean": 4.0,
        "K4_repair_due_missing_rate": 0.0,
        "K4_rescreen_rate": 0.0,
        "K5_availability": 0.7631578947368421,
        "K5_op_fail_rate": 0.0,
        "K5_recovery_time": 0.0,
        "K5_throughput_drop": 0.0,
        "K6_cycle_time_p90": 4.087644865899634,
        "K6_fail_rate": 0.0,
        "K6_multi_ccy_liq_req_mean": 4204.100103266664,
        "K6_spread_proxy": 0.0002578240725852207,
        "STP_rate": 0.9166666666666666,
        "fx_share": 0.0,
        "trace_score_mean": 0.8317464730810172
      },
      "XBPAY": {
        "AtomicityViolationRate": 0.0,
        "FinalityFailureRate": 0.0,
        "K1_hold_mean": 0.0,
        "K1_latency_median": 1.2005766517767427,
        "K1_latency_p90": 3.312655503249826,
        "K1_queue_mean": 0.0,
        "K1_repair_mean": 0.06981410874289974,
        "K2_cost_total_mean": 0.5524359563288355,
        "K2_fee_mean": 0.5,
        "K2_ops_proxy_mean": 0.05243595632883542,
        "K3_coll_lock_exposure_mean": 0.0,
        "K3_liq_lock_exposure_mean": 0.0,
        "K3_lock_exposure_total_mean": 0.0,
        "K4_checkpoints_mean": 4.0,
        "K4_repair_due_missing_rate": 0.0,
        "K4_rescreen_rate": 0.0,
        "K5_availability": 0.7631578947368421,
        "K5_op_fail_rate": 0.0,
        "K5_recovery_time": 0.0,
        "K5_throughput_drop": 0.0,
        "K6_cycle_time_p90": 3.312655503249826,
        "K6_fail_rate": 0.0,
        "K6_multi_ccy_liq_req_mean": 0.0,
        "K6_spread_proxy": 0.0006415446400606192,
        "STP_rate": 0.9545454545454546,
        "fx_share": 0.6818181818181818,
        "trace_score_mean": 0.803907319050447
      }
    },
    "scenario": "S0",
    "world": "B"
  },
  "no_inferiority": {
    "flows": {
      "DVP": {
        "NI-1": {
          "AtomicityViolationRate": 0.0,
          "FinalityFailureRate": 0.0,
          "pass": true,
          "\u0394_NI_fin_f": 0.02,
          "\u03b5_atomic_f": 0.001
        },
        "NI-2": {
          "RecoveryTime": 0.0,
          "ThroughputDrop": 0.0,
          "pass": true,
          "\u0394_NI_ops_f": 0.2,
          "\u0394_NI_rec_f": 20.0
        },
        "NI-3": {
          "backlog_ratio": 0.05555555555555558,
          "hold_rate": 0.05555555555555558,
          "pass": false,
          "trace_score": 0.7795539609526441,
          "\u0394_NI_backlog_f": 0.1,
          "\u0394_NI_trace_f": 0.05
        }
      },
      "PVP": {
        "NI-1": {
          "AtomicityViolationRate": 0.0,
          "FinalityFailureRate": 0.0,
          "pass": true,
          "\u0394_NI_fin_f": 0.02,
          "\u03b5_atomic_f": 0.001
        },
        "NI-2": {
          "RecoveryTime": 0.0,
          "ThroughputDrop": 0.0,
          "pass": true,
          "\u0394_NI_ops_f": 0.2,
          "\u0394_NI_rec_f": 20.0
        },
        "NI-3": {
          "backlog_ratio": 0.08333333333333337,
          "hold_rate": 0.08333333333333337,
          "pass": false,
          "trace_score": 0.8317464730810172,
          "\u0394_NI_backlog_f": 0.1,
          "\u0394_NI_trace_f": 0.05
        }
      },
      "XBPAY": {
        "NI-1": {
          "AtomicityViolationRate": 0.0,
          "FinalityFailureRate": 0.0,
          "pass": true,
          "\u0394_NI_fin_f": 0.02,
          "\u03b5_atomic_f": 0.001
        },
        "NI-2": {
          "RecoveryTime": 0.0,
          "ThroughputDrop": 0.0,
          "pass": true,
          "\u0394_NI_ops_f": 0.2,
          "\u0394_NI_rec_f": 20.0
        },
        "NI-3": {
          "backlog_ratio": 0.045454545454545414,
          "hold_rate": 0.045454545454545414,
          "pass": false,
          "trace_score": 0.803907319050447,
          "\u0394_NI_backlog_f": 0.1,
          "\u0394_NI_trace_f": 0.05
        }
      }
    }
  }
}